"ZF6A-11";"";""
"Прокладка выпускного коллектора металлическая";"190016010;3056046;31-024515-00;693.820;70-25112-00;71-24068-10;71-34208-00;JE138;JF206;0693820;078 253 039;103 632;103 632 015;103632685;103 633;103 633 016;1257319;256905;29-0078;302530115433;30694/1507;343412;433253115;433253115;433253115A;433253115A;460052;51157;70-24068-00;71-24068-00;AG7524;";"AUDI-PEGASO-VOLKSWAGEN-VOLVO  #  1978->  #   DV,DW,CP,1S,1G,ACT,D24,D24T,D24TIC     1595/1781/2383 cc    DIESEL"
ACDelco;OPEL Astra J/Insignia /для 17"диска;2357.00
a
aaa,"","ccc"
a,b;c
a;b
c
"a;b";c
"a""b";c
"""";c
";";c
;
a;"b
c";d
a;"b
c;

d;;
e";d
a;"b""
c""";d
a;"b
"с"
a;""b;";"
aaa;"";"ccc"